{
    "accuracy": 0.9770852428964253,
    "precision": 0.9919354838709677,
    "recall": 0.8367346938775511,
    "auc": 0.9857712152657674
}
