{
    "accuracy": 0.974739970282318,
    "precision": 0.9932885906040269,
    "recall": 0.8176795580110497,
    "auc": 0.9759182415289402
}
